"id","storeid","name","description","createdat","createdby"
"d1650bf1-b5b9-4b71-aeef-4e88d0b8033b","9b4bf8bf-2f5c-4680-afe1-8014b371d518","10% de bonificação Chá Blend ","10% de bonificação Chá Blend ","2025-10-24 09:57:52.522-03","Vida Leve - Compras"
"c62d7f8b-9df0-401d-9899-3b1710159478","9b4bf8bf-2f5c-4680-afe1-8014b371d518","Template - Promoções de Reposição","Template - Promoções de Reposição","2025-10-24 10:11:22.084-03","Vida Leve - Compras"
"d89cc9cf-ca1a-45c8-a694-76b6c4ebded7","97674906-e4bb-47cf-9d9e-4ebd7f4ee919","Convite Ensaio - Outubro25","Convite Ensaio - Outubro25","2025-10-25 21:56:31.378-03","Admin"
"7c215abb-1d0a-4726-b378-a9e33b4abdbd","1af0098b-1276-47db-95e5-8ef8d43878b5","Teste Audio","Teste Audio","2025-10-27 17:41:44.261-03","Admin"
"232a4caa-bc86-4a4c-8319-6d3bd99806f8","1af0098b-1276-47db-95e5-8ef8d43878b5","Teste Video","Teste Video","2025-10-28 13:24:36.962-03","Admin"
"e769c6b8-ffb7-4549-a353-9383a43e3021","6dad43b9-e9e2-4318-94d8-800ece3fdea2","Promo - Cascao Recheado","Com mais 2 reais tem direito a recheio no cascão.","2026-01-28 08:56:18.643-03","Polpanorte - Lucas"
"727b8f13-af55-4d27-b7e0-452fc97bf2d3","21e1a735-bfd6-40b6-bbe1-35889f94fadb","Inativo","","2025-11-03 12:17:21.945-03","Cleber Melo"
"ead556ee-fa49-4898-9f37-bdfee0c51748","0c02619d-0c57-492d-9660-dd0f357a2f0c","Campanha de Divulgação Almoço","Aumentar pedidos no período de almoço.","2025-08-13 16:25:55.087-03","Admin"
"cfbb9c54-6131-4ede-b394-6cfd2b5b407e","01ac4ec3-f7e0-451d-ab31-2db1799816ca","MENSAGEM PRINCIPAL – FEIJOADA","","2025-07-24 15:17:30.128-03","Admin"
"d0b41013-8831-41be-9bee-b9d21012ca64","0c02619d-0c57-492d-9660-dd0f357a2f0c","Campanha de Migração de iFood","Fortalecer o canal de venda direta.","2025-08-13 16:31:40.302-03","Admin"
"2b248c67-59d9-4b29-93f1-357901f69895","b6bc362f-cb27-44ac-a9c8-5e9b08263f86","Template de Divulgação de Almoço","Aumentar pedidos no período de almoço da semana passada (exceto iFood).","2025-08-15 10:55:49.46-03","Admin"
"aa336fe6-f522-4ab7-841e-ec9ea626ad60","b6bc362f-cb27-44ac-a9c8-5e9b08263f86","Template de Migração de Whatsapp","Fortalecer o canal de venda direta.","2025-08-15 10:57:00.233-03","Admin"
"036ce52d-8b74-4b14-ba7c-31b7f22191f9","1caf86a9-bab9-42b1-8a47-7a3f9e24f805","Campanha Migração de iFood","Campanha Migração de iFood","2025-12-04 11:27:10.706-03","ROBSON - CASA DA ESFIHA"
"fbf20223-3bd0-4dc3-a82f-939b75887413","6e240e72-2948-443e-bf4a-23243c0721d0","Cafe da Manha","","2026-01-24 17:35:18.096-03","Giralda Doceria"
"23b06a83-4cc0-4ee0-b329-344ff35a6e5a","01ac4ec3-f7e0-451d-ab31-2db1799816ca","Almoço","","2025-07-03 21:28:44.421-03","Admin"
"5aff101e-f00a-4cee-b3b6-83c7f3e2deb0","8cc52834-d064-4c6a-8e08-8f33d4811872","Lanche ou amor da sua vida?","Lanche ou amor da sua vida?","2025-11-18 13:54:25.842-03","Raquel Viana"
"129c481d-e25d-4bc4-98e7-d0fde2d48fac","106cd2af-2375-40d3-ab22-0172926f95f6","Sonho recheado grande","","2026-01-15 15:44:58.961-03","Maiara de Carvalho Silva"
"b8f1486b-25a5-4f61-896a-40eb54a37ba5","fd5bc963-ff69-40c4-b5d8-1709e233fe02","Cliente 21 dias sem pedir – bebida grátis","Divulgar a promoção da bebida grátis, levando o cliente diretamente para a pagina de vendas.","2025-09-05 16:32:01.083-03","Mordidela"
"93bb0887-6351-4fba-bf53-94799909f489","0d756ccf-7f47-4d8d-a2fb-aa78226a401d","Template - Promoção R$ 45,90","Template - Promoção R$ 45,90","2025-09-25 12:45:04.813-03","Agência Alca"
"79d7f1fe-b906-46c0-8987-1dd60087dc24","1af0098b-1276-47db-95e5-8ef8d43878b5","Migração Ifood","Migração de clientes da plataforma Ifood para a plataforma de delivery próprio","2025-07-16 10:37:16.597-03","Admin"
"f9b91135-9298-4049-a710-b83bbe7d4063","106cd2af-2375-40d3-ab22-0172926f95f6","MENSAGEM PRINCIPAL – HAMBÚRGUER TRADICIONAL","","2026-01-15 15:56:30.79-03","Maiara de Carvalho Silva"
"b385d414-2c6a-4891-8bef-4e9b36aab868","0f8a86cb-dd5b-4edd-8558-be543b1620b1","Campanha - Aniversariantes","Data de aniversário","2026-01-19 15:57:59.721-03","Polpanorte - Lucas"
"827c072c-4b8b-46bc-a6ca-bcb99623eace","dbac911d-086e-4612-8fac-db980d0f7a63","🔥 MENSAGEM PRINCIPAL — BOLO DE CHOCOLATE","","2026-01-15 16:29:21.592-03","Maiara de Carvalho Silva"
"08160aa3-86aa-4866-ae7c-4c2492c63926","01ac4ec3-f7e0-451d-ab31-2db1799816ca","Promover almoço","Mensagem para promover almoço","2025-07-18 21:08:46.111-03","Admin"
"ac3e7d1a-0868-4b68-a618-47364550f8d1","069768c1-6fdd-4833-939e-ea9f51a7dff9","Zacarias","Follow Up","2026-01-15 18:06:08.66-03","Anderson Lima"
"0f188fc2-2b0e-46d6-a459-873bbf3694e1","fd5bc963-ff69-40c4-b5d8-1709e233fe02","Campanha para leads – Clientes em Potencial","A campanha de cupom de desconto tem como objetivo direcionar o cliente diretamente para o site já com o cupom aplicado, eliminando etapas na compra","2025-09-05 16:25:01.645-03","Mordidela"
"7ebd1913-b18a-4a25-b5d3-d5b0b390b1cc","2fdc6149-fbf3-442d-88fe-c8375a86266d","Galpão em Balsas/MA","Galpão em Balsas/MA","2026-01-28 17:04:20.714-03","Emanoel - Cerrado Imóveis"
"3ed055e0-ec37-4d02-8226-024f42251072","42c3b4ba-0f3b-457a-8f36-5cc42dedf94c","Template 15% OFF - Clientes MarketUp","Template 15% OFF - Clientes MarketUp","2025-11-06 11:31:18.657-03","Atelier Doce Amor"
"047b644a-67f4-459a-8787-37de28679910","0d756ccf-7f47-4d8d-a2fb-aa78226a401d","Template - Promoção R$59,90","Template - Promoção R$59,90","2025-11-05 15:39:50.873-03","Agência Alca"
"ac2900bd-1150-45a6-be28-170cd42cfbab","2fdc6149-fbf3-442d-88fe-c8375a86266d","Imóvel para Locação","Imóvel para Locação","2026-01-29 10:08:35.306-03","Admin"
"cb1f1df1-2a03-4070-a77a-90894e44eb83","21e1a735-bfd6-40b6-bbe1-35889f94fadb","Template - Pizza Promo + Refri 1.5L","Template - Pizza Promo + Refri 1.5L","2025-11-10 10:10:11.695-03","Cleber Melo"
"da2a9049-220c-4312-be0d-5befbdfcb25b","4ba8925f-94ab-4bed-97b7-b07a22b6d31f","asdf","asdf","2025-09-02 14:39:51.151-03","Admin"
"55e075ac-762c-4a7e-aac6-05f3394342b1","0d756ccf-7f47-4d8d-a2fb-aa78226a401d","Template - Oferta Pizza G (Meio de Semana)","Atrair clientes no meio de semana com desconto agressivo na pizza grande + entrega grátis","2025-09-04 13:52:13.591-03","Agência Alca"
"b797abbf-dac4-4319-83dc-2b6bbe0ccf67","8cc52834-d064-4c6a-8e08-8f33d4811872","CP COMBO REFRI GRATIS ( CONVERSÃO SITE)","Divulgar o combo promocional direcionando o cliente diretamente para a página da promoção para concluir a compra","2025-09-05 12:34:45.621-03","Mordidela"
"2f8a0d25-f894-4351-8c24-b8aff653287e","8cc52834-d064-4c6a-8e08-8f33d4811872","CP CUPOM R$10,00 ( CONVERSÃO SITE)","A campanha de cupom de desconto tem como objetivo direcionar o cliente diretamente para o site já com o cupom aplicado, eliminando etapas na compra","2025-09-05 12:39:29.789-03","Mordidela"
"da9bae3b-5b82-4304-a0e7-41cffdb6e808","1af0098b-1276-47db-95e5-8ef8d43878b5","Peça pelo nosso Whatsapp","Direciona clientes para fazer pedidos via WhatsApp","2025-07-17 11:01:27.339-03","Admin"
"8a66f455-d12e-49ea-9bd1-14585002fd40","0d756ccf-7f47-4d8d-a2fb-aa78226a401d","Template - Oferta Pizza G (Fim de Semana)","Atrair clientes no sábado com desconto agressivo na pizza grande.","2025-09-03 14:04:50.896-03","Agência Alca"
"a26451bd-751d-4062-8a45-53a8ee9ec208","42c3b4ba-0f3b-457a-8f36-5cc42dedf94c","TESTE ENVIO ATELIER","Enviado apenas para equipe.","2025-11-19 10:54:06.118-03","Atelier Doce Amor"
"7f0af8fe-d19c-4f07-a252-9d16da710035","069768c1-6fdd-4833-939e-ea9f51a7dff9","Amilton","Follow Up","2026-01-15 18:08:06.972-03","Anderson Lima"
"89492e4f-ec9a-4ea5-856a-197cb8e04fdb","1092e75c-afb5-4992-869a-8d15c195a7c2","Cadastro e boas-vindas com 10% na Primeira Compra","Enviar automaticamente um cupom de 10% para clientes que acabaram de se cadastrar","2026-01-15 20:30:48.567-03","System"
"6c61a59f-5e88-4b6e-8817-37017a3fb9e8","1092e75c-afb5-4992-869a-8d15c195a7c2","Pós-primeira compra – agradecimento","Agradecer pela primeira compra, pedir feedback e incentivar a segunda","2026-01-15 20:30:52.686-03","System"
"49fa2f30-0948-4cfb-8d2f-3aeea6963fbe","fd5bc963-ff69-40c4-b5d8-1709e233fe02","Clientes há 28 dias sem pedir – R$12 de desconto","Clientes há 28 dias sem pedir – R$12 de desconto","2025-11-12 18:34:51.56-03","Admin"
"b33878fc-d521-42a7-b72d-ed95ba2ce84f","42c3b4ba-0f3b-457a-8f36-5cc42dedf94c","15% OFF para clientes do WhatsApp","15% OFF para clientes do WhatsApp","2025-11-06 11:36:02.805-03","Atelier Doce Amor"
"02c06fd5-3dce-4360-945a-f73b326a78a2","e67a239e-9524-4865-b644-8dd0bddd2bb1","Campanha - Aniversariante","Data de aniversario","2026-01-19 16:01:42.331-03","Polpanorte - Lucas"
"3d0342ac-2179-4459-abc7-e28f4913a307","f28b08c9-2101-48a5-a27f-2585f2bf6823","Clientes com ticket acima de R$ 100,00 - valorização + incentivo","Oferecer vantagem exclusiva para clientes de ticket elevado","2026-01-29 14:04:59.456-03","Admin"
"f991921e-412b-4778-91a4-41ee0dc9f53d","483af9d2-7c76-4b9b-ae0f-81ef7f021568","Clientes que preferem final de semana","","2025-11-12 23:25:47.905-03","Oniads"
"68a0870f-2230-4f69-bc8c-41e1cdf6da9a","b6bc362f-cb27-44ac-a9c8-5e9b08263f86","clientes 28/30/56 dias sem pedir - (esfiha doce)","clientes 56 dias sem pedir - ganha esfiha doce a escolha a partir de 50,00
","2025-11-28 15:36:31.572-03","ROBSON - CASA DA ESFIHA"
"60759461-11b6-4eb7-a715-1f3fe6e75069","b6bc362f-cb27-44ac-a9c8-5e9b08263f86","4a do pastel e fogazza com R$2 de desconto pelo aplicativo","4a do pastel e fogazza com R$2 de desconto pelo aplicativo","2025-12-01 09:19:35.164-03","ROBSON - CASA DA ESFIHA"
"7abb6117-12d9-43c7-8c52-de8b73e901d9","0c02619d-0c57-492d-9660-dd0f357a2f0c","4a do pastel e fogazza com R$2 de desconto pelo aplicativo","4a do pastel e fogazza com R$2 de desconto pelo aplicativo","2025-12-01 09:41:40.463-03","ROBSON - CASA DA ESFIHA"
"24c458aa-bd28-4050-ba8d-f8759d268b2f","42c3b4ba-0f3b-457a-8f36-5cc42dedf94c","Audio Fim de ano 2025 - Teste Samuel","","2025-12-01 12:35:30.928-03","Admin"
"73c1afa7-cf4d-4851-89a9-0d69dffe20c7","42c3b4ba-0f3b-457a-8f36-5cc42dedf94c","teste texto","","2025-12-01 15:10:39.163-03","Admin"
"decff29f-a363-43c9-9947-4f83a87646db","21e1a735-bfd6-40b6-bbe1-35889f94fadb","Potenciais.","Potenciais.","2025-11-03 12:19:43.943-03","Cleber Melo"
"5561a6c2-c975-4071-8de0-8693b0a77bdc","1092e75c-afb5-4992-869a-8d15c195a7c2","Aniversariante do mês","Convidar o cliente a comemorar no mês do aniversário com benefício especial","2026-01-15 20:30:48.584-03","System"
"8212b548-54ba-4000-a965-f18cbdc44f28","21e1a735-bfd6-40b6-bbe1-35889f94fadb","5 compras + 14 dias sem comprar","","2025-11-03 12:20:29.953-03","Cleber Melo"
"39bafdda-a0b5-46c7-80ad-cc1baa0d4525","8cc52834-d064-4c6a-8e08-8f33d4811872","CP CUPOM R$ 7,00 ( CONVERSÃO SITE)","O objetivo é aumentar as vendas recorrentes, direcionando o cliente direto para o site com o cupom já aplicado.","2025-09-10 11:51:26.12-03","Mordidela"
"6408baff-46ce-4023-b33b-6aecf9f8e10f","1fcd01e3-2dba-4af8-ae58-c39060f3e575","Café da Régia - 01","","2025-11-20 18:00:18.798-03","Maiara de Carvalho Silva"
"4d56a090-8f38-4710-86ec-93fa1f7258f6","f28b08c9-2101-48a5-a27f-2585f2bf6823","Ticket baixo – incentivar compras acima de R$ 50","Estimular aumento de ticket médio","2026-01-29 14:04:59.471-03","Admin"
"a836729e-1fbe-4223-a0ba-cb0e8f7ddcf1","1caf86a9-bab9-42b1-8a47-7a3f9e24f805","promoção 22/11 ","Sábado e feriado prolongado da consciência negra.","2025-11-22 18:52:48.837-03","Jessica - Casa da Esfiha MS "
"325ee6b9-417b-4a50-b56b-a4a9e68d0207","a6a267a8-e71b-4935-ac9f-b778eb739fd4","1° Contato Leads - SUL NOVO","Preimeiro contatos para os Leads da zona Sul de SP ","2025-11-03 14:26:10.364-03","Anderson Camargo"
"7088ff6e-aac4-45a1-a741-918b39ea0a48","483af9d2-7c76-4b9b-ae0f-81ef7f021568","Clientes com 1 pedidos","","2025-11-12 23:20:36.019-03","Oniads"
"60166d83-fc24-4e8e-8524-2f2c5562140b","fd5bc963-ff69-40c4-b5d8-1709e233fe02","Cliente 14 dias sem pedir","Campanha de venda, direcionando cliente diretamente para o site de vendas.","2025-09-10 11:34:33.441-03","Mordidela"
"84125f04-51e8-45eb-b181-aec6485e3195","17a0899a-73bd-4af5-8082-0eb551650f26","Clientes recentes – manter frequência","Aumentar a recorrência de clientes que compraram nos últimos 30 dias","2026-01-14 19:46:07.619-03","Admin"
"e4cb1b46-47f4-443b-a46a-27caa5e7da3a","aefd1124-d1d3-40a6-9b06-7f74bfa58fba","Ticket baixo – incentivar compras acima de R$ 50","Estimular aumento de ticket médio","2026-01-14 19:48:43.546-03","Admin"
"32e29576-89ac-46a0-88a4-fc6b829d4117","39946e25-8ac3-43a4-8010-c883d2e0c637","Ticket baixo – incentivar compras acima de R$ 50","Estimular aumento de ticket médio","2026-01-14 19:49:40.68-03","Admin"
"c325d310-7330-450c-b3ae-f239ddac8e49","0c02619d-0c57-492d-9660-dd0f357a2f0c","Clientes que fizeram apenas 1/2 pedidos","Clientes que fizeram apenas 1/2 pedidos","2025-12-01 09:41:59.495-03","ROBSON - CASA DA ESFIHA"
"dd252cc4-fef1-484a-8a85-e084a1a1e1b9","d0b78249-59b8-4c16-b40c-b084b8aa371e","Cadastro e boas-vindas com 10% na Primeira Compra","Enviar automaticamente um cupom de 10% para clientes que acabaram de se cadastrar","2026-01-14 19:50:09.695-03","Admin"
"e33fe07d-3fcf-421a-aca7-5957d06bba81","483af9d2-7c76-4b9b-ae0f-81ef7f021568","Clientes que preferem dia da semana","","2025-11-12 23:27:11.931-03","Oniads"
"26b82feb-bf07-4933-aeda-23ef65a15dd4","8cc52834-d064-4c6a-8e08-8f33d4811872","COMBO BRUTÃO","BRUTÃO","2025-11-13 10:44:30.15-03","Raquel Viana"
"919ba84d-986c-41ed-8969-e0db15d92541","483af9d2-7c76-4b9b-ae0f-81ef7f021568","Clientes Campeões ","","2025-11-13 16:47:40.929-03","Oniads"
"ae7b88f0-58f7-4bf0-a6f4-3fb37455eb03","d0b78249-59b8-4c16-b40c-b084b8aa371e","Aniversariante do mês","Convidar o cliente a comemorar no mês do aniversário com benefício especial","2026-01-14 19:50:09.744-03","Admin"
"daf2affa-fbc2-4738-9286-6a72cc2b9114","8c4e96a9-a7b8-4b4c-a891-f600c9eceee5"," preferido do café da manhã! 🥖🔥 02","","2025-11-20 17:34:47.837-03","Maiara de Carvalho Silva"
"18f20d6c-1adc-4a41-987a-ea9244562ebe","106cd2af-2375-40d3-ab22-0172926f95f6","Bolinho de Carne - 02","","2025-11-26 16:50:31.204-03","Maiara de Carvalho Silva"
"b3dc274b-3bb2-4f72-9bee-a7cf078a160e","0d756ccf-7f47-4d8d-a2fb-aa78226a401d","Template - Semana do Cliente","Campanha de promoção para semana do cliente.","2025-09-16 10:13:12.332-03","Agência Alca"
"813db101-9ca4-4958-912d-a7af2fb590a6","21e1a735-bfd6-40b6-bbe1-35889f94fadb","Terça e Quarta","","2025-11-03 12:21:13.448-03","Cleber Melo"
"6d6fb3b8-2a57-4050-9bef-dc421b17c8c1","1092e75c-afb5-4992-869a-8d15c195a7c2","Aniversariante do dia","Parabenizar o cliente no dia do aniversário e oferecer benefício válido por 7 dias","2026-01-15 20:30:48.587-03","System"
"1ef47a57-3482-44d1-9830-2851ac7e096d","1092e75c-afb5-4992-869a-8d15c195a7c2","Clientes com ticket acima de R$ 100,00 - valorização + incentivo","Oferecer vantagem exclusiva para clientes de ticket elevado","2026-01-15 20:30:53.016-03","System"
"a0685176-6081-40d4-abab-48bbf9329d24","f28b08c9-2101-48a5-a27f-2585f2bf6823","Pós-primeira compra – agradecimento","Agradecer pela primeira compra, pedir feedback e incentivar a segunda","2026-01-29 14:04:59.489-03","Admin"
"03b3ec68-fe34-4064-8e83-68116598a52c","1af0098b-1276-47db-95e5-8ef8d43878b5","Sentimos sua falta","Estamos com saudades!","2025-12-05 12:19:07.399-03","Seeder"
"cc8bf3e2-0029-4844-b0fa-1f7cbb8523e4","6e240e72-2948-443e-bf4a-23243c0721d0","Cashback a vencer 7 dias","","2026-01-19 16:02:54.871-03","Giralda Doceria"
"cfc034ce-7e90-49da-80ef-b893d99e094b","0d756ccf-7f47-4d8d-a2fb-aa78226a401d","Template - Black Friday","Template - Black Friday","2025-11-25 17:14:58.801-03","Agência Alca"
"a37d0578-1890-4734-a9b9-41a2c2ab53d6","1fcd01e3-2dba-4af8-ae58-c39060f3e575","Tortinha de Limão🍋‍🟩 - Sobremesa - 02","","2025-11-20 18:26:23.595-03","Maiara de Carvalho Silva"
"6fc07616-0f11-4f94-abd3-212d2757d8d8","392c030b-95a1-42c9-b08c-c9c64eed1246","Template de Almoço da villa - 01","🍽️ Seu almoço quentinho está a poucos minutos de você!
","2025-11-26 10:48:03.336-03","Maiara de Carvalho Silva"
"7b89aba1-36f2-4ce4-8d2d-9aad960a6fe6","9698049a-9f42-42e5-afe4-6566c3bbea07","Template Cashback","","2025-12-11 13:25:26.852-03","Samuel Carvalho"
"e589adf9-b421-4eab-a635-ac99dfa18d2d","13b738e0-614f-4fe2-9982-6d88867bfa5a","Agenda da Semana","","2025-12-15 08:35:29.285-03","Agustina"
"8fe31db3-5cdc-428e-b9cc-bc42b55c16be","106cd2af-2375-40d3-ab22-0172926f95f6","Sobremesa - Torta de Morango Grande - 02","","2025-11-26 16:27:38.561-03","Maiara de Carvalho Silva"
"e0bf738e-e91f-407a-9146-b4284b7fa48e","0d756ccf-7f47-4d8d-a2fb-aa78226a401d","Template - combo especial da casa ","Template - Combo especial da casa","2025-11-24 14:09:06.941-03","Agência Alca"
"48ec267b-962d-4026-a9bf-9190719caca8","1d376c83-8d4c-4273-bb83-e0b7a7080041","BLACKFRIDAY - POLPANORTE","BLACKFRIDAY","2025-11-24 11:51:13.317-03","Polpanorte - Lucas"
"8fbc17b3-3591-4117-b945-8d6ec0a53eef","1d376c83-8d4c-4273-bb83-e0b7a7080041","28/11 COPO 500ML","[NOME DA PESSOA], se prepara, porque amanhã vai ser incrível!

Vai ter muito sabor, cremosidade e o copo de 500 ml por um PREÇO IMPERDÍVEL! 💜

Vem cu","2025-11-27 10:27:57.27-03","Polpanorte - Lucas"
"8bd21d5e-ded2-4bdb-9987-5ea981fcb4b6","f28b08c9-2101-48a5-a27f-2585f2bf6823","Aniversariante do mês","Convidar o cliente a comemorar no mês do aniversário com benefício especial","2026-01-29 14:04:59.611-03","Admin"
"1eff563c-7c1c-4904-8512-c808d662ba56","1caf86a9-bab9-42b1-8a47-7a3f9e24f805","Black Friday","Promoção Válida de Quinta a Sexta!","2025-11-27 18:28:16.216-03","Jessica - Casa da Esfiha MS "
"5407ea76-d93d-41f6-91cf-55647364db68","01ac4ec3-f7e0-451d-ab31-2db1799816ca","Cafés, Cappuccinos e Chocolates","Baguetes Recheadas ","2025-11-20 17:00:22.284-03","Maiara de Carvalho Silva"
"80fdc91e-e7a7-4884-8117-6cf5c094fde0","1caf86a9-bab9-42b1-8a47-7a3f9e24f805","Black Friday","Disponível Apenas de Quinta a Sexta","2025-11-28 09:28:28.4-03","Jessica - Casa da Esfiha MS "
"bda696dd-a935-4739-b6c0-c50240043c3b","97674906-e4bb-47cf-9d9e-4ebd7f4ee919","Convite ensaio nov25 - audio","","2025-11-28 10:32:58.137-03","Admin"
"a134d1b0-2621-4c64-a064-510c08828494","97674906-e4bb-47cf-9d9e-4ebd7f4ee919","Convite Organistas","","2025-11-28 10:42:23.981-03","Admin"
"b580c2a9-11a9-4fa5-8ebc-b5313833bbe0","97674906-e4bb-47cf-9d9e-4ebd7f4ee919","Convite Nov25 - Encarregados","","2025-11-28 10:45:24.518-03","Admin"
"b9998db3-02a8-4932-bc31-c5a334ec771f","01ac4ec3-f7e0-451d-ab31-2db1799816ca","Pizza - cardápio web","","2025-12-17 17:59:03.243-03","Maiara de Carvalho Silva"
"455859ae-4e6e-4c39-bc43-ff54dd9cb617","f7a936fb-644a-436b-8907-7846b067865e","MENSAGEM PRINCIPAL – MISTO QUENTE","","2025-11-20 15:41:27.037-03","Maiara de Carvalho Silva"
"c6585023-31ae-4696-86dd-dce8d4f7882c","1092e75c-afb5-4992-869a-8d15c195a7c2","Clientes até 5 pedidos – estimular fidelização","Ajudar novos clientes a criarem o hábito de compra","2026-01-15 20:30:48.59-03","System"
"e44e3603-64a1-4338-b381-d6d174fa798a","0d860437-8f2f-4437-a866-811bd07ac367","Cliente do ifood ","","2025-12-22 16:38:59.777-03","Sai Burguer"
"f0942428-e438-4c5f-8e83-4f2074e8e4d7","13b738e0-614f-4fe2-9982-6d88867bfa5a","Campanha fim de Ano Agustina","","2025-12-23 16:30:44.392-03","Agustina"
"c145111c-d994-416e-b7b2-93ac597d23b9","5818afa9-3322-45a6-bc5b-5d19e6ea1f25","Reservas 29 de Dezembro","","2025-12-23 16:52:47.812-03","Filipa "
"36583865-1380-4b8e-800c-55f98fd45841","6e240e72-2948-443e-bf4a-23243c0721d0","Aniversariante do mes","","2026-01-19 16:04:02.141-03","Giralda Doceria"
"fc44b878-de98-4392-8195-910c4d49c374","392c030b-95a1-42c9-b08c-c9c64eed1246","Café da Villa - Pedaço de Torta","","2025-11-20 18:39:09.586-03","Maiara de Carvalho Silva"
"e974db15-fe35-49b9-9f95-d72516a71b7a","483af9d2-7c76-4b9b-ae0f-81ef7f021568","Feijoada do caldo bom do mateus","","2025-11-29 11:55:02-03","Oniads"
"fc9539ed-6777-4178-b26f-52aaa9c871d7","b6bc362f-cb27-44ac-a9c8-5e9b08263f86","Clientes que fizeram apenas 1/2 pedidos","Clientes que fizeram apenas 1/2 pedidos","2025-12-01 09:16:57.227-03","ROBSON - CASA DA ESFIHA"
"a876a126-6155-40dc-b12d-9228a7f656e9","42c3b4ba-0f3b-457a-8f36-5cc42dedf94c","DEZEMBRO 20%OFF","Campanha de 20% OFF em qualquer compra durante todo o mês de dezembro.","2025-12-01 11:51:13.351-03","Atelier Doce Amor"
"f89ef398-bc79-4610-a4c1-09b61e493368","1092e75c-afb5-4992-869a-8d15c195a7c2","Ticket baixo – incentivar compras acima de R$ 50","Estimular aumento de ticket médio","2026-01-15 20:30:48.605-03","System"
"11e084a7-27ed-4f80-8add-9d3ec3b2ccd5","392c030b-95a1-42c9-b08c-c9c64eed1246","sobremesa - Torta de Morango","","2025-11-20 18:46:18.517-03","Maiara de Carvalho Silva"
"602716a6-eacc-4a09-bd8d-2133ce86d533","1092e75c-afb5-4992-869a-8d15c195a7c2","Clientes ausentes +30 dias (reativação)","Reativar clientes que não compram há mais de 30 dias","2026-01-15 20:30:52.856-03","System"
"a63c3b57-d9b9-4460-aff4-4dcba2897369","0100729c-1bce-4809-96b7-896eb9dbe599","Campanha - Aniversariante","Data de Aniversário","2026-01-19 16:04:51.257-03","Polpanorte - Lucas"
"7c4e90c7-0d9e-4e87-9abc-71fa6bdc746a","483af9d2-7c76-4b9b-ae0f-81ef7f021568","Clientes com 2 pedidos","","2025-11-12 23:21:49.306-03","Oniads"
"0e6afbb9-4f4d-4a05-8d2e-c0cd5da5d93a","0d860437-8f2f-4437-a866-811bd07ac367","Clientes promissores ","","2025-12-22 16:41:13.356-03","Sai Burguer"
"a353debb-283a-4aec-b79c-cd6b02463431","9698049a-9f42-42e5-afe4-6566c3bbea07","CannoliCRM - Mensagem que seu cliente poderia receber","","2025-12-10 17:46:03.301-03","Admin"
"30b52204-5508-4bae-8cf7-3283f42dbd03","4bb014bb-8b1d-489a-aded-2060f3fda27e","Segunda Compra","Voucher de R$ 10,00 para usar em 7 dias para clientes de segunda compra","2025-09-19 17:06:58.522-03","Gabriel Storoli - Pizza B"
"b95f2370-a528-4cab-b0af-0747a06b4cb0","4bb014bb-8b1d-489a-aded-2060f3fda27e","Cliente 6 meses","Utilização do cupom PIZZAB10 para clientes que não compram há mais de 6 meses.
Usado principalmente para quartas e domingos.","2025-09-23 11:12:05.515-03","Gabriel Storoli - Pizza B"
"0f626296-c996-4f94-bb13-ee7a8e19d8c6","483af9d2-7c76-4b9b-ae0f-81ef7f021568","Clientes Perdidos ","","2025-11-12 23:32:14.088-03","Oniads"
"01efb473-5d30-40d0-b029-28612593342b","01ac4ec3-f7e0-451d-ab31-2db1799816ca","Template 28 dias sem pedir - 02","Template 28 dias sem pedir","2025-09-24 14:30:14.095-03","Admin"
"4f5762b9-3430-4505-9c51-c4801629f498","99792b54-3864-420b-a5df-354ff67ca28d","Clientes 1 pedido","","2025-09-24 11:37:39.762-03","Oniads"
"688b980b-7e16-4598-a244-135b430eced9","99792b54-3864-420b-a5df-354ff67ca28d","Todos os clientes","","2025-09-23 15:17:09.632-03","Admin"
"b4ada461-f4c6-4bc1-a1b3-8fa7fd2dab1f","dbac911d-086e-4612-8fac-db980d0f7a63","Template Almoço da vilela - Omeletes Recheadas","Template Omeletes Recheadas","2025-09-24 14:59:52.548-03","Admin"
"c2504505-3c5d-4777-8e9f-976c5b1394d9","fd5bc963-ff69-40c4-b5d8-1709e233fe02","Template - Mordidela Day - link anota ai","Promoção Mordidela Day 17/09","2025-09-24 10:57:41.318-03","Mordidela"
"64b239f4-bf51-4f8d-b04a-657ba01fb164","4bb014bb-8b1d-489a-aded-2060f3fda27e","Quinta do Maestro","Não procure no iFood! Essa é exclusiva.","2025-09-19 09:20:37.96-03","Gabriel Storoli - Pizza B"
"162d7521-65a4-48a3-9f17-3af2a5faa2b2","0d756ccf-7f47-4d8d-a2fb-aa78226a401d","Template - Cupom R$10,00 iFood","Template - Cupom R$10,00 iFood","2025-09-30 12:47:10.332-03","Agência Alca"
"eb823242-aa15-4e17-be81-5897a9e9ace1","4bb014bb-8b1d-489a-aded-2060f3fda27e","Clientes 2 Pedidos","Template usado para campanha em clientes com dois pedidos na loja.","2025-10-02 09:13:52.24-03","Gabriel Storoli - Pizza B"
"d6e9bc76-7d80-42eb-ab94-29fb3ab20442","f7a936fb-644a-436b-8907-7846b067865e","MENSAGEM PRINCIPAL – CAFÉ DA MANHÃ","MENSAGEM PRINCIPAL – CAFÉ DA MANHÃ","2025-11-11 14:03:52.931-03","Maiara de Carvalho Silva"
"72d6bd1a-8946-4ba9-bd4b-b0d59b911ae4","0d860437-8f2f-4437-a866-811bd07ac367","Clientes Fiéis ","","2025-12-22 16:42:23.588-03","Sai Burguer"
"f25bcda5-f6d0-4ee7-b838-eac094e4aed4","f7a936fb-644a-436b-8907-7846b067865e","*Pão de Queijo com Requeijão (Gratinado)*!   ","Mensagem promocional para WhatsApp sobre o Pão de Queijo com Requeijão  da Padaria Maria Amália, destacando sabor, frescor e entrega rápida via iFood.","2025-11-12 16:04:56.685-03","Maiara de Carvalho Silva"
"be8428d0-d7cb-4eca-8851-831cf9405bd5","4bb014bb-8b1d-489a-aded-2060f3fda27e","Irmandade Solidária","Campanha de Dia das Crianças + Irmandade Solidária","2025-10-08 13:18:29.832-03","Gabriel Storoli - Pizza B"
"a78b79e5-5d31-4ea7-8d61-95dfa03afe2a","1af0098b-1276-47db-95e5-8ef8d43878b5","Restaurantes Itapura - Captação de Leads (Teste)","Restaurantes Itapura - Captação de Leads (Teste)","2025-10-08 14:38:21.197-03","Admin"
"614bc2c3-f7af-496c-b869-ba2b8f926815","fd5bc963-ff69-40c4-b5d8-1709e233fe02","Clientes +30 dias sem pedir","Clientes +30 dias sem pedir","2025-10-08 19:39:36.404-03","Admin"
"6fa8d15a-3df7-471d-938b-a6e7cc90ea11","fd5bc963-ff69-40c4-b5d8-1709e233fe02","Milk Shake para clientes +5 pedidos","Milk Shake para clientes +5 pedidos","2025-10-08 20:00:05.988-03","Admin"
"4d8a43e5-3a5d-4051-bd9b-93991e6e763d","1af0098b-1276-47db-95e5-8ef8d43878b5","Imagem para Leads Evento Roraima ","","2025-12-01 12:19:22.645-03","Admin"
"d2c91cd8-f005-4f3d-a593-fd288d489867","fd5bc963-ff69-40c4-b5d8-1709e233fe02","Vendas após as 16h","Vendas após as 16h","2025-10-08 19:49:59.057-03","Admin"
"a103039a-d1b8-47e5-84cc-915dd1e64b73","17a0899a-73bd-4af5-8082-0eb551650f26","Ticket baixo – incentivar compras acima de R$ 50","Estimular aumento de ticket médio","2026-01-14 19:46:07.623-03","Admin"
"57baaf3c-83c5-4bb8-86f4-2d3513815c20","5f30b411-fad3-437c-88b4-ca78c96a13e7","Pós-segunda compra – estímulo à terceira","Incentivar o cliente a realizar a terceira compra e consolidar o início do hábito de recompra","2026-01-14 19:49:15.353-03","Admin"
"424be437-412d-4d1f-a4bb-69e0565250db","1092e75c-afb5-4992-869a-8d15c195a7c2","Nome do dia – convite especial","Convidar clientes com o nome selecionado para visitar em dias de baixa demanda","2026-01-15 20:30:48.601-03","System"
"5dd14ce0-aab4-4f38-8efd-cccdc10df22e","1d376c83-8d4c-4273-bb83-e0b7a7080041","Dia do Smoothie","Dia do Smoothie","2025-11-10 16:04:08.601-03","Polpanorte - Lucas"
"8e1f96f1-d15b-4ad1-b2af-cf8cdc3bbf2d","483af9d2-7c76-4b9b-ae0f-81ef7f021568","+30 dias sem pedi","","2025-10-16 13:45:36.095-03","Oniads"
"11cc7461-ba6c-4031-ba48-0411f2c8e945","1fc00824-25fd-4d94-ad69-5b95cb468a43","Campanha - Aniversariante","Data de Aniversariante","2026-01-19 16:07:29.126-03","Polpanorte - Lucas"
"86876ec0-95ad-4a95-a3e7-d274e767a615","483af9d2-7c76-4b9b-ae0f-81ef7f021568","CLIENTES FIÉIS","","2025-10-16 13:49:17.326-03","Oniads"
"fc52f234-0071-4199-8ea3-2e01837c3337","483af9d2-7c76-4b9b-ae0f-81ef7f021568","HIBERNAÇÃO","","2025-10-16 13:51:21.074-03","Oniads"
"077b129c-f663-435e-89b9-d1dc78a631fd","483af9d2-7c76-4b9b-ae0f-81ef7f021568","CLIENTES PERDIDOS","","2025-10-16 13:53:08.323-03","Oniads"
"6e859f4d-5901-4fe5-ad36-bfa0190b568f","aefd1124-d1d3-40a6-9b06-7f74bfa58fba","Aniversariante do dia","Parabenizar o cliente no dia do aniversário e oferecer benefício válido por 7 dias","2026-01-14 19:48:43.547-03","Admin"
"27e90230-6d13-4da4-88af-ed3ccb87ba60","39946e25-8ac3-43a4-8010-c883d2e0c637","Clientes até 5 pedidos – estimular fidelização","Ajudar novos clientes a criarem o hábito de compra","2026-01-14 19:49:40.684-03","Admin"
"75b02752-f98c-46dc-8eb6-a2e242e3a127","d0b78249-59b8-4c16-b40c-b084b8aa371e","Clientes recentes – manter frequência","Aumentar a recorrência de clientes que compraram nos últimos 30 dias","2026-01-14 19:50:09.7-03","Admin"
"6a952a85-6501-48a9-ac5a-aa1b01670f80","483af9d2-7c76-4b9b-ae0f-81ef7f021568","Primeira compra","","2025-10-16 14:05:20.076-03","Oniads"
"5c62780b-94eb-4186-aa89-25ffc473c43f","483af9d2-7c76-4b9b-ae0f-81ef7f021568","Cliente em risco","","2025-10-16 14:06:41.073-03","Oniads"
"10f6cf40-58a5-413a-b4d2-dfe16afd656d","483af9d2-7c76-4b9b-ae0f-81ef7f021568","NPS","","2025-10-21 17:49:05.711-03","Oniads"
"9c892eea-bb37-4416-81c8-558c29b1d761","01ac4ec3-f7e0-451d-ab31-2db1799816ca","teste ifood","teste ifood","2025-11-10 16:36:31.496-03","Maiara de Carvalho Silva"
"021eecbc-3543-45e7-a819-0820e32b8c66","45f9fac9-7a83-4da2-9011-39816a4bf0a8","Novo Cardápio Digital","","2025-11-10 17:34:04.457-03","Agência Sower"
"d34dd762-7566-40cf-97db-9745e61aa74a","fd5bc963-ff69-40c4-b5d8-1709e233fe02","Audio para clientes há tempos sem pedir","Audio para clientes há tempos sem pedir","2025-11-12 18:19:41.713-03","Admin"
"9ad1c390-841c-40a3-a778-9b796a30601d","483af9d2-7c76-4b9b-ae0f-81ef7f021568","Sopa de legumes ","","2025-11-12 23:23:32.146-03","Oniads"
"4888ac88-832b-4ae1-99dc-658d28fbfe4d","483af9d2-7c76-4b9b-ae0f-81ef7f021568","Clientes que pediram no IFood ","","2025-11-12 23:35:07.125-03","Oniads"
"90651b45-b13a-4539-a563-cee0d2a719c4","42c3b4ba-0f3b-457a-8f36-5cc42dedf94c","15%OFF para clientes Goomer","Campanha válida até dia 31/12.","2025-11-13 11:50:19.675-03","Atelier Doce Amor"
"6754b1e2-bd16-4d23-b91a-575d5ace15cb","1092e75c-afb5-4992-869a-8d15c195a7c2","Clientes recentes – manter frequência","Aumentar a recorrência de clientes que compraram nos últimos 30 dias","2026-01-15 20:30:48.611-03","System"
"7401e6c5-5b54-454b-b284-d7e8268ad27c","a8ad2209-4a89-4802-8bf1-e30f999a3982","Campanha - Aniversariante","Data de aniversário","2026-01-19 16:11:18.972-03","Polpanorte - Lucas"
"e90ffe5d-b48e-4915-bee7-3888f5f5fabd","0d860437-8f2f-4437-a866-811bd07ac367","CLIENTE COM 0 PEDIDOS","","2025-12-01 22:14:49.955-03","Sai Burguer"
"59905afd-f186-4d77-81c2-aa2e2820b7f3","0d860437-8f2f-4437-a866-811bd07ac367","CLIENTE COM 1 PEDIDO","","2025-12-01 22:16:22.914-03","Sai Burguer"
"88b215af-a945-4789-9136-6238c9d314fe","0d860437-8f2f-4437-a866-811bd07ac367","CLIENTES +30 DIAS SEM PEDIR","","2025-12-01 22:17:50.056-03","Sai Burguer"
"3b564226-6ed3-4fdf-999f-98c868b0a2cf","0d860437-8f2f-4437-a866-811bd07ac367","CLIENTES RECENTES – ÚLTIMOS 30 DIAS","","2025-12-01 22:19:26.922-03","Sai Burguer"
"64ebe5c1-7b38-474a-b1c4-5425b3a80f3e","8eccb620-5990-433f-8c9b-d77d0f1da591","20% de desconto - Volta clientes","20% de desconto - Volta clientes","2025-12-04 15:34:18.393-03","Admin"
"0807ac90-8501-4faf-abaf-f81c4bb8451d","8cc52834-d064-4c6a-8e08-8f33d4811872","COMBO FAMILIAR","COMBO FAMILIAR","2025-12-02 18:35:11.713-03","Raquel Viana"
"3998e76c-5f27-4007-b826-c2eda897b702","9e69d92e-fff3-4500-b77a-c429cc312da5","Cliente que não compra faz 30 dias","Cliente que não compra faz 30 dias","2025-12-02 21:02:59.906-03","Bolos Miraculosos - Daniel"
"c5552083-556c-46e8-857a-761ae729b292","9e69d92e-fff3-4500-b77a-c429cc312da5","10% para quem nunca comprou","10% para quem nunca comprou","2025-12-02 12:21:55.662-03","Admin"
"4b28a40f-dfcb-4f91-88ed-c31756953b9f","0c02619d-0c57-492d-9660-dd0f357a2f0c","clientes 28/30/56 dias sem pedir - (esfiha doce)","clientes 28/30/56 dias sem pedir - (esfiha doce)","2025-12-01 09:41:19.977-03","ROBSON - CASA DA ESFIHA"
"a04c232f-db63-4b74-9bc9-d162e5eb5b8c","9e69d92e-fff3-4500-b77a-c429cc312da5","aniversariante do mês","aniversariante do mês","2025-12-04 23:47:50.115-03","Bolos Miraculosos - Daniel"
"86fb6c83-44c6-4e42-bc8b-c72ce48ac539","1af0098b-1276-47db-95e5-8ef8d43878b5","Obrigado pelo primeiro pedido","","2025-12-05 12:19:07.987-03","Seeder"
"2923168f-9d5b-4a65-99d9-afd062ffa606","3f0dba5f-c1f2-4c74-b8b4-318eff71031c","Template Cashback","","2025-12-05 12:50:10.436-03","Admin"
"debc983a-3371-42fd-ba88-0cac15463f44","b70f7bdc-3543-459b-9312-6a108aa3f117","Clientes ausentes +30 dias (reativação)","Reativar clientes que não compram há mais de 30 dias","2025-12-05 15:56:41.963-03","Admin"
"ddea6512-7a36-4c98-b44b-8ec8f3a94b7c","b70f7bdc-3543-459b-9312-6a108aa3f117","Clientes potenciais (nunca compraram)","Incentivar clientes que ainda não compraram a fazer a primeira compra","2025-12-05 15:57:28.315-03","Admin"
"e0c3f81e-a7d4-4251-adc5-bc7661f786b5","b70f7bdc-3543-459b-9312-6a108aa3f117","Clientes recentes – manter frequência","Aumentar a recorrência de clientes que compraram nos últimos 30 dias","2025-12-05 15:58:11.736-03","Admin"
"bf551a60-3318-4d67-81db-adb60dad1334","b70f7bdc-3543-459b-9312-6a108aa3f117","Clientes até 5 pedidos – estimular fidelização","Ajudar novos clientes a criarem o hábito de compra","2025-12-05 15:58:49.525-03","Admin"
"ea3ce171-5efc-4ee2-b58e-cfdaed617a52","b70f7bdc-3543-459b-9312-6a108aa3f117","Clientes acima de 5 pedidos – valorizar clientes frequentes","Engajar e reconhecer clientes que já compraram mais de 5 vezes","2025-12-05 15:59:38.29-03","Admin"
"b801bd79-9836-4a58-a47b-0da0346bc288","b70f7bdc-3543-459b-9312-6a108aa3f117","Ticket baixo – incentivar compras acima de R$ 50","Estimular aumento de ticket médio","2025-12-05 16:00:11.333-03","Admin"
"4ae1337a-c48f-4b70-9505-a7b507ce1874","b70f7bdc-3543-459b-9312-6a108aa3f117","Clientes com ticket acima de R$ 100,00 - valorização + incentivo","Oferecer vantagem exclusiva para clientes de ticket elevado","2025-12-05 16:01:25.208-03","Admin"
"c12164f0-c462-4191-9db4-cdc1e1f72811","b70f7bdc-3543-459b-9312-6a108aa3f117","Aniversariante do mês","Convidar o cliente a comemorar no mês do aniversário com benefício especial","2025-12-05 16:03:37.488-03","Admin"
"096f304d-ea74-41b0-941e-a81e07775e6c","b70f7bdc-3543-459b-9312-6a108aa3f117","Aniversariante do dia","Parabenizar o cliente no dia do aniversário e oferecer benefício válido por 7 dias","2025-12-05 16:04:10.952-03","Admin"
"fcb675a9-e606-4d0f-8e43-7c1bf6e55aa0","b70f7bdc-3543-459b-9312-6a108aa3f117","Nome do dia – convite especial","Convidar clientes com o nome selecionado para visitar em dias de baixa demanda","2025-12-05 16:04:57.472-03","Admin"
"d7980bd3-1c9a-4430-8694-de87c73bfbbc","b70f7bdc-3543-459b-9312-6a108aa3f117","Pós-primeira compra – agradecimento","Agradecer pela primeira compra, pedir feedback e incentivar a segunda","2025-12-05 16:05:32.576-03","Admin"
"dbea382e-31b6-403b-8396-82110306cc22","b70f7bdc-3543-459b-9312-6a108aa3f117","Pós-segunda compra – estímulo à terceira","Incentivar o cliente a realizar a terceira compra e consolidar o início do hábito de recompra","2025-12-07 17:03:54.114-03","Admin"
"4fa854b4-077a-415b-b4de-74f0dc90e0fa","4bb014bb-8b1d-489a-aded-2060f3fda27e","Terça Feira - 2 Pedidos","Campanha para terça feira, 9/12 e 16/12, visando buscar clientes para estes dias.","2025-12-08 11:42:07.747-03","Gabriel Storoli - Pizza B"
"b9b6c376-a1c4-4848-b609-d0bd2b5ee3e9","b70f7bdc-3543-459b-9312-6a108aa3f117","Ticket baixo – incentivar compras acima de R$ 50","Estimular aumento de ticket médio","2025-12-08 14:54:55.601-03","Admin"
"8f862871-c124-4e78-ba64-6e001d8cca27","2f89fa97-27cb-424c-a55c-31a8d4019551","Ticket baixo – incentivar compras acima de R$ 50","Estimular aumento de ticket médio","2025-12-08 14:56:12.954-03","Admin"
"022702de-37b0-4bd4-809a-309402263af2","2f89fa97-27cb-424c-a55c-31a8d4019551","Clientes ausentes +30 dias (reativação)","Reativar clientes que não compram há mais de 30 dias","2025-12-08 14:57:19.197-03","Admin"
"bc36510e-7812-4683-a74f-817f63e04616","2f89fa97-27cb-424c-a55c-31a8d4019551","Clientes com ticket acima de R$ 100,00 - valorização + incentivo","Oferecer vantagem exclusiva para clientes de ticket elevado","2025-12-08 14:57:41.123-03","Admin"
"6bd8b7f2-254e-447d-b70b-d51848bf9071","2f89fa97-27cb-424c-a55c-31a8d4019551","Pós-segunda compra – estímulo à terceira","Incentivar o cliente a realizar a terceira compra e consolidar o início do hábito de recompra","2025-12-08 14:57:52.002-03","Admin"
"dd05f0f1-69a0-42ef-aa7f-7fcff20c8768","2f89fa97-27cb-424c-a55c-31a8d4019551","Pós-primeira compra – agradecimento","Agradecer pela primeira compra, pedir feedback e incentivar a segunda","2025-12-08 14:58:00.406-03","Admin"
"846dc4f0-1959-4a28-b8c0-96a4c31fd2f9","2f89fa97-27cb-424c-a55c-31a8d4019551","Aniversariante do mês","Convidar o cliente a comemorar no mês do aniversário com benefício especial","2025-12-08 14:58:13.646-03","Admin"
"eabb9ee5-38d4-45d1-b85c-f3ef4eb2e088","2f89fa97-27cb-424c-a55c-31a8d4019551","Clientes recentes – manter frequência","Aumentar a recorrência de clientes que compraram nos últimos 30 dias","2025-12-08 14:58:24.385-03","Admin"
"9039d6ef-a394-47cd-9cd3-01d42d760ed4","2f89fa97-27cb-424c-a55c-31a8d4019551","Aniversariante do dia","Parabenizar o cliente no dia do aniversário e oferecer benefício válido por 7 dias","2025-12-08 14:58:33.342-03","Admin"
"caa5e1af-413a-4d22-924d-c8181c72bc49","2f89fa97-27cb-424c-a55c-31a8d4019551","Clientes até 5 pedidos – estimular fidelização","Ajudar novos clientes a criarem o hábito de compra","2025-12-08 14:58:42.85-03","Admin"
"d89318cd-742a-42da-b720-ac625dd6f5f6","2f89fa97-27cb-424c-a55c-31a8d4019551","Nome do dia – convite especial","Convidar clientes com o nome selecionado para visitar em dias de baixa demanda","2025-12-08 14:58:51.878-03","Admin"
"9010ec89-9009-486c-9c9d-07f44e6d9ac0","2f89fa97-27cb-424c-a55c-31a8d4019551","Clientes acima de 5 pedidos – valorizar clientes frequentes","Engajar e reconhecer clientes que já compraram mais de 5 vezes","2025-12-08 14:59:01.396-03","Admin"
"eca2f958-ff90-40f8-aa8e-fb31e8990c8d","2f89fa97-27cb-424c-a55c-31a8d4019551","Pós-primeira compra – agradecimento","Agradecer pela primeira compra, pedir feedback e incentivar a segunda","2025-12-08 14:59:10.511-03","Admin"
"2a28a04b-efe2-4b38-bcc9-1278424d2e14","2f89fa97-27cb-424c-a55c-31a8d4019551","Clientes até 5 pedidos – estimular fidelização","Ajudar novos clientes a criarem o hábito de compra","2025-12-08 15:04:43.519-03","Admin"
"89ab7b97-6b90-489d-a598-ff6b5c947fe0","b70f7bdc-3543-459b-9312-6a108aa3f117","Cadastro e boas-vindas com 10% na Primeira Compra","Enviar automaticamente um cupom de 10% para clientes que acabaram de se cadastrar","2025-12-08 12:26:55.732-03","Admin"
"90831d27-560e-402c-9e2d-399c2104ae65","2f89fa97-27cb-424c-a55c-31a8d4019551","Cadastro e boas-vindas com %OFF na Primeira Compra","Enviar automaticamente um cupom de 10% para clientes que acabaram de se cadastrar","2025-12-08 14:59:18.856-03","Admin"
"c1f830ab-8ca1-4174-a88c-20bd2505242e","1092e75c-afb5-4992-869a-8d15c195a7c2","Ticket baixo – incentivar compras acima de R$ 50","Estimular aumento de ticket médio","2026-01-15 20:30:48.776-03","System"
"e8f42550-eb63-47d8-af25-68f31a6f6f9e","9fbcb539-d291-43e2-a1b7-6e864c230b2d","Campanha - Aniversariante","Data de aniversario","2026-01-19 16:20:44.15-03","Polpanorte - Lucas"
"f68af575-f87e-46b0-b2b5-5d91ec32a253","0d860437-8f2f-4437-a866-811bd07ac367","Quarta feira ","","2025-12-22 16:43:12.453-03","Sai Burguer"
"267de25c-1f08-428c-b408-089514977752","9698049a-9f42-42e5-afe4-6566c3bbea07","Feliz ano novo","","2025-12-30 16:49:05.682-03","Admin"
"6862d030-53ae-4a38-bfb8-8af1a6fb2a35","8cc52834-d064-4c6a-8e08-8f33d4811872","Cupom de 10% de desconto pra clientes +30d sem pedir","Cupom de 10% de desconto pra clientes +30d sem pedir","2026-01-07 14:35:20.449-03","Raquel Viana"
"242b0fbd-dbdb-484c-981f-40d7ab2df3b5","8cc52834-d064-4c6a-8e08-8f33d4811872","Combo do dia - Todos os dias","Combo do dia - Todos os dias","2026-01-07 14:26:48.629-03","Mordidela - Operacional"
"3668b1e4-8337-4fb0-a076-3850980fe688","97674906-e4bb-47cf-9d9e-4ebd7f4ee919","Ofertas de 2a feira","","2026-01-08 10:49:18.665-03","Admin"
"55f63198-5f5a-4390-b33e-1e13d6f47e16","8c4e96a9-a7b8-4b4c-a891-f600c9eceee5","Torta Ferrero Rocher- Sobremesa 02","Template promocional para divulgar a Mini Torta de Morango da Padaria Gran Royalle, com chamada irresistível para gerar desejo e aumentar as vendas.","2025-11-12 15:23:41.754-03","Maiara de Carvalho Silva"
"87fa9562-4dda-4db0-ac79-0a424b5a27e1","dbac911d-086e-4612-8fac-db980d0f7a63","café da padaria","","2026-01-09 08:52:06.89-03","Maiara de Carvalho Silva"
"c0a4d158-18db-40f5-ae5a-0145eb53de20","fd5bc963-ff69-40c4-b5d8-1709e233fe02","Feliz Ano Novo","Feliz Ano Novo","2026-01-09 13:43:04.754-03","Admin"
"e48fab95-c9bc-47d9-ab2c-28fc55823f50","069768c1-6fdd-4833-939e-ea9f51a7dff9","Lançamento","Conservador de Frituras - Air Flow","2026-01-12 18:12:29.086-03","Anderson Lima"
"098eebc9-5148-439d-95ca-d6da58bc97be","13b738e0-614f-4fe2-9982-6d88867bfa5a","Novo Almoço Executivo Janeiro 2026","","2026-01-13 13:56:38.795-03","Agustina"
"e93ec7ce-b123-46c8-ac31-9f148fefa042","97674906-e4bb-47cf-9d9e-4ebd7f4ee919","Cashback Teste","Cashback Teste","2026-01-14 09:51:06.812-03","Admin"
"f1207962-8415-4986-8e40-dc09aedc2130","17a0899a-73bd-4af5-8082-0eb551650f26","Clientes até 5 pedidos – estimular fidelização","Ajudar novos clientes a criarem o hábito de compra","2026-01-14 19:46:07.594-03","Admin"
"71f6dc16-91be-4c28-ae6b-481b888dce79","17a0899a-73bd-4af5-8082-0eb551650f26","Clientes acima de 5 pedidos – valorizar clientes frequentes","Engajar e reconhecer clientes que já compraram mais de 5 vezes","2026-01-14 19:46:07.646-03","Admin"
"4a7311b2-04ec-4d51-8456-a4337f1f0084","17a0899a-73bd-4af5-8082-0eb551650f26","Pós-primeira compra – agradecimento","Agradecer pela primeira compra, pedir feedback e incentivar a segunda","2026-01-14 19:46:07.676-03","Admin"
"a94725eb-e0d5-439b-9247-d87865693ec6","aefd1124-d1d3-40a6-9b06-7f74bfa58fba","Clientes ausentes +30 dias (reativação)","Reativar clientes que não compram há mais de 30 dias","2026-01-14 19:48:43.548-03","Admin"
"3c15af49-fa54-482b-8fc5-cc28b9848951","5f30b411-fad3-437c-88b4-ca78c96a13e7","Pós-primeira compra – agradecimento","Agradecer pela primeira compra, pedir feedback e incentivar a segunda","2026-01-14 19:49:15.356-03","Admin"
"a9aa7a99-98ee-46ac-a5d3-c49d08902926","39946e25-8ac3-43a4-8010-c883d2e0c637","Clientes recentes – manter frequência","Aumentar a recorrência de clientes que compraram nos últimos 30 dias","2026-01-14 19:49:40.69-03","Admin"
"f9362932-2366-42b5-9557-dbe1231f36a4","d0b78249-59b8-4c16-b40c-b084b8aa371e","Clientes ausentes +30 dias (reativação)","Reativar clientes que não compram há mais de 30 dias","2026-01-14 19:50:09.709-03","Admin"
"9a52fca6-e789-4033-b50d-f84df5eec22c","8c4e96a9-a7b8-4b4c-a891-f600c9eceee5","café da manhã ou lanche","","2026-01-15 08:50:04.123-03","Maiara de Carvalho Silva"
"3ddbf825-af0f-47ad-9268-4f7641156e23","8c4e96a9-a7b8-4b4c-a891-f600c9eceee5","Torta Kinder Bueno (Pedaço)","","2026-01-15 09:51:11.183-03","Maiara de Carvalho Silva"
"d1a155a5-205f-43c4-bd6d-e1644e60ba97","8c4e96a9-a7b8-4b4c-a891-f600c9eceee5","CAMPANHA NOTURNA – PIZZAS GRAN ROYALLE","","2026-01-15 10:25:02.623-03","Maiara de Carvalho Silva"
"49e4ba7b-05f0-4934-9849-995424dd2315","1092e75c-afb5-4992-869a-8d15c195a7c2","Clientes acima de 5 pedidos – valorizar clientes frequentes","Engajar e reconhecer clientes que já compraram mais de 5 vezes","2026-01-15 20:30:48.789-03","System"
"402d3f7d-e7b7-47d9-ad28-6846589644b8","794c6c63-da08-42a6-8efb-205595089b8c","Campanha - Aniversariante","Data de aniversario","2026-01-19 16:23:23.937-03","Polpanorte - Lucas"
"31a1389a-7695-41c6-ad8d-7a8f03573341","0d860437-8f2f-4437-a866-811bd07ac367","Clientes que compraram ontem (NPS) ","","2025-12-22 16:47:58.171-03","Sai Burguer"
"ae63d7a1-1ee0-45fe-b856-3cd135325163","97674906-e4bb-47cf-9d9e-4ebd7f4ee919","Cardapio novo","","2026-01-08 10:50:24.988-03","Admin"
"fc963efc-b301-4103-9723-2f4aca3be01c","17a0899a-73bd-4af5-8082-0eb551650f26","Aniversariante do mês","Convidar o cliente a comemorar no mês do aniversário com benefício especial","2026-01-14 19:46:07.598-03","Admin"
"555c4a59-7ba9-41fc-9b66-aeefa805a1ee","17a0899a-73bd-4af5-8082-0eb551650f26","Aniversariante do dia","Parabenizar o cliente no dia do aniversário e oferecer benefício válido por 7 dias","2026-01-14 19:46:07.689-03","Admin"
"1e79f838-110b-463f-aaac-ccaae61d3914","aefd1124-d1d3-40a6-9b06-7f74bfa58fba","Clientes até 5 pedidos – estimular fidelização","Ajudar novos clientes a criarem o hábito de compra","2026-01-14 19:48:43.518-03","Admin"
"1edc1dc9-41d8-4937-a1fb-08b20d1ae65b","aefd1124-d1d3-40a6-9b06-7f74bfa58fba","Clientes acima de 5 pedidos – valorizar clientes frequentes","Engajar e reconhecer clientes que já compraram mais de 5 vezes","2026-01-14 19:48:43.551-03","Admin"
"e1390e95-86ee-4847-be1c-27835b482917","aefd1124-d1d3-40a6-9b06-7f74bfa58fba","Cadastro e boas-vindas com 10% na Primeira Compra","Enviar automaticamente um cupom de 10% para clientes que acabaram de se cadastrar","2026-01-14 19:48:43.604-03","Admin"
"5aa7ef0f-95e2-4720-b47f-3ab35449b1cd","5f30b411-fad3-437c-88b4-ca78c96a13e7","Clientes acima de 5 pedidos – valorizar clientes frequentes","Engajar e reconhecer clientes que já compraram mais de 5 vezes","2026-01-14 19:49:15.359-03","Admin"
"73b1e9fe-76ac-4b94-997f-72e0415edf48","39946e25-8ac3-43a4-8010-c883d2e0c637","Clientes acima de 5 pedidos – valorizar clientes frequentes","Engajar e reconhecer clientes que já compraram mais de 5 vezes","2026-01-14 19:49:40.692-03","Admin"
"20b08061-f275-41e2-8852-0532ed213a2c","d0b78249-59b8-4c16-b40c-b084b8aa371e","Pós-primeira compra – agradecimento","Agradecer pela primeira compra, pedir feedback e incentivar a segunda","2026-01-14 19:50:09.71-03","Admin"
"d6f2da61-ce65-4e42-a1ea-500228874488","1092e75c-afb5-4992-869a-8d15c195a7c2","Pós-segunda compra – estímulo à terceira","Incentivar o cliente a realizar a terceira compra e consolidar o início do hábito de recompra","2026-01-15 20:30:49.813-03","System"
"e1d2c8ef-4fc6-4cac-92c5-763ae1ae3f00","6f70cd42-25eb-4f6b-994d-a134156f70fe","Campanha - Aniversariante","Data de aniversario","2026-01-19 16:25:53.07-03","Polpanorte - Lucas"
"e86a7a76-5019-4142-ad66-a76567e23b35","1092e75c-afb5-4992-869a-8d15c195a7c2","Pós-primeira compra – agradecimento","Agradecer pela primeira compra, pedir feedback e incentivar a segunda","2026-01-15 20:30:53.026-03","System"
"68f665dd-3bc2-4b7e-9d74-c218f77129d9","4f22f901-8089-4555-b131-adb9b724a343","Campanha - Aniversariante","Data de aniversario","2026-01-19 16:28:19.177-03","Polpanorte - Lucas"
"ee6a1c4d-94da-4fd3-9b16-bfe7fc8bb32e","f28b08c9-2101-48a5-a27f-2585f2bf6823","Cadastro e boas-vindas com 10% na Primeira Compra","Enviar automaticamente um cupom de 10% para clientes que acabaram de se cadastrar","2026-01-29 14:04:59.424-03","Admin"
"a2fb604b-a22c-4f32-9309-bf3009dcc538","f28b08c9-2101-48a5-a27f-2585f2bf6823","Clientes acima de 5 pedidos – valorizar clientes frequentes","Engajar e reconhecer clientes que já compraram mais de 5 vezes","2026-01-29 14:04:59.506-03","Admin"
"433a4f44-8b42-4c04-9968-7b1542077fab","6f70cd42-25eb-4f6b-994d-a134156f70fe","Campanha - Avaliação Google","Cliente avalia e ganha um cascão","2026-01-30 14:29:09.716-03","Polpanorte - Lucas"
"b2859b4d-a694-4a4e-bb8f-16af665ce66c","392c030b-95a1-42c9-b08c-c9c64eed1246","Template de natal DA VILLA","","2025-11-28 13:21:01.455-03","Maiara de Carvalho Silva"
"763a2398-8d27-4483-8b6b-b6a2f1c042c8","5818afa9-3322-45a6-bc5b-5d19e6ea1f25","Ticket baixo – incentivar compras acima de R$ 50","Estimular aumento de ticket médio","2025-12-10 17:17:49.179-03","Admin"
"0845d543-5fca-41ab-826c-49946ba30a56","5818afa9-3322-45a6-bc5b-5d19e6ea1f25","Cadastro e boas-vindas com 10% na Primeira Compra","Enviar automaticamente um cupom de 10% para clientes que acabaram de se cadastrar","2025-12-10 17:17:49.209-03","Admin"
"3e785c09-09b2-4db3-8488-d1cf4632720e","5818afa9-3322-45a6-bc5b-5d19e6ea1f25","Nome do dia – convite especial","Convidar clientes com o nome selecionado para visitar em dias de baixa demanda","2025-12-10 17:17:49.316-03","Admin"
"3bcc171a-a80b-4c4b-b8bb-bac9ddd27e36","5818afa9-3322-45a6-bc5b-5d19e6ea1f25","Pós-primeira compra – agradecimento","Agradecer pela primeira compra, pedir feedback e incentivar a segunda","2025-12-10 17:17:49.32-03","Admin"
"a69719a3-0d4f-4e94-8a2d-aa1eb0345806","5818afa9-3322-45a6-bc5b-5d19e6ea1f25","Clientes acima de 5 pedidos – valorizar clientes frequentes","Engajar e reconhecer clientes que já compraram mais de 5 vezes","2025-12-10 17:17:49.331-03","Admin"
"65369e35-d28e-447a-9eea-9df72f8d39b2","5818afa9-3322-45a6-bc5b-5d19e6ea1f25","Pós-segunda compra – estímulo à terceira","Incentivar o cliente a realizar a terceira compra e consolidar o início do hábito de recompra","2025-12-10 17:17:49.336-03","Admin"
"de14d3f6-69e8-4fd4-b6c5-d91c660b39b5","5818afa9-3322-45a6-bc5b-5d19e6ea1f25","Pós-primeira compra – agradecimento","Agradecer pela primeira compra, pedir feedback e incentivar a segunda","2025-12-10 17:17:49.342-03","Admin"
"99614f9e-6e3d-46d6-9751-35fe31706283","5818afa9-3322-45a6-bc5b-5d19e6ea1f25","Aniversariante do dia","Parabenizar o cliente no dia do aniversário e oferecer benefício válido por 7 dias","2025-12-10 17:17:49.348-03","Admin"
"97fc6a8a-2a0e-4543-9d51-90943c419a38","5818afa9-3322-45a6-bc5b-5d19e6ea1f25","Clientes com ticket acima de R$ 100,00 - valorização + incentivo","Oferecer vantagem exclusiva para clientes de ticket elevado","2025-12-10 17:17:49.388-03","Admin"
"ab9448d9-49d0-499f-84fd-7b8a2ae6d248","5818afa9-3322-45a6-bc5b-5d19e6ea1f25","Aniversariante do mês","Convidar o cliente a comemorar no mês do aniversário com benefício especial","2025-12-10 17:17:49.52-03","Admin"
"5ebfd438-69eb-4c64-88d9-9c7a8e0d63c3","5818afa9-3322-45a6-bc5b-5d19e6ea1f25","Clientes ausentes +30 dias (reativação)","Reativar clientes que não compram há mais de 30 dias","2025-12-10 17:17:51.166-03","Admin"
"f7e91ac1-9d22-4dd7-aaa7-d7bf7a665973","5818afa9-3322-45a6-bc5b-5d19e6ea1f25","Clientes até 5 pedidos – estimular fidelização","Ajudar novos clientes a criarem o hábito de compra","2025-12-10 17:17:51.17-03","Admin"
"853fc6c3-95b8-4c5a-9f19-bda362a716e7","17a0899a-73bd-4af5-8082-0eb551650f26","Pós-primeira compra – agradecimento","Agradecer pela primeira compra, pedir feedback e incentivar a segunda","2026-01-14 19:46:07.608-03","Admin"
"046bd2ea-3650-43c3-bc1c-854195afea0f","aefd1124-d1d3-40a6-9b06-7f74bfa58fba","Clientes com ticket acima de R$ 100,00 - valorização + incentivo","Oferecer vantagem exclusiva para clientes de ticket elevado","2026-01-14 19:48:43.519-03","Admin"
"e251f49d-8a0b-4340-827d-8a6f34d93e1a","aefd1124-d1d3-40a6-9b06-7f74bfa58fba","Ticket baixo – incentivar compras acima de R$ 50","Estimular aumento de ticket médio","2026-01-14 19:48:43.597-03","Admin"
"175622aa-bec4-4aec-8d52-8d9e6ba5145e","5f30b411-fad3-437c-88b4-ca78c96a13e7","Pós-primeira compra – agradecimento","Agradecer pela primeira compra, pedir feedback e incentivar a segunda","2026-01-14 19:49:15.333-03","Admin"
"541e1537-6220-4f54-a74c-15f2ec8ca068","5f30b411-fad3-437c-88b4-ca78c96a13e7","Aniversariante do mês","Convidar o cliente a comemorar no mês do aniversário com benefício especial","2026-01-14 19:49:15.363-03","Admin"
"e2d124f6-9a88-430f-aed4-cd80547ba255","5f30b411-fad3-437c-88b4-ca78c96a13e7","Clientes com ticket acima de R$ 100,00 - valorização + incentivo","Oferecer vantagem exclusiva para clientes de ticket elevado","2026-01-14 19:49:15.401-03","Admin"
"045fc962-f928-4770-9311-a3080306e630","39946e25-8ac3-43a4-8010-c883d2e0c637","Pós-primeira compra – agradecimento","Agradecer pela primeira compra, pedir feedback e incentivar a segunda","2026-01-14 19:49:40.694-03","Admin"
"f0f014ee-1b23-4ccb-b342-b4029aaad200","d0b78249-59b8-4c16-b40c-b084b8aa371e","Ticket baixo – incentivar compras acima de R$ 50","Estimular aumento de ticket médio","2026-01-14 19:50:09.715-03","Admin"
"1265d984-3a59-4a7f-a004-021a8d8e5f40","b70f7bdc-3543-459b-9312-6a108aa3f117","Update Cashback","Atuaização do status de Cashback","2026-01-19 13:45:08.737-03","Admin"
"a6815e50-0ca8-4c48-9af9-9d4ff79d1240","6dad43b9-e9e2-4318-94d8-800ece3fdea2","Campanha - Aniversariante do Dia","Essa campanha será enviada para cliente que fazem aniversário no dia.","2026-01-19 14:25:44.547-03","Polpanorte - Lucas"
"2f5c1350-869f-43cb-8163-d8169e3d89ed","f28b08c9-2101-48a5-a27f-2585f2bf6823","Update Cashback","Atuaização do status de Cashback","2026-01-29 14:04:59.426-03","Admin"
"4fbfbf9b-6e9a-49b8-beea-25f3afaf9e27","260231be-a964-48bb-bf2e-a0c3a0dbeca4","Campanha - Aniversariante","Data de aniversário","2026-01-19 15:33:41.819-03","Polpanorte - Lucas"
"846b5cf3-04d2-48b1-8217-3265e7a5bfd5","92e0b17f-c94b-445a-a36e-207220bf3e08","Campanha - Aniversariante","Data de Aniversário","2026-01-19 16:30:44.173-03","Polpanorte - Lucas"
"33314472-4945-4c6c-a6e4-9905397761d4","4bb014bb-8b1d-489a-aded-2060f3fda27e","Um convite para sair da rotina hoje","Campanha para quarta e doingo","2026-01-21 11:03:18.677-03","Gabriel Storoli - Pizza B"
"13b82fa7-b233-4fe4-8373-142c52c6f0a2","01ac4ec3-f7e0-451d-ab31-2db1799816ca","Jantar","Incentivo ao cliente a consumir o jantar","2026-01-21 11:29:33.912-03","Maiara de Carvalho Silva"
"4cfde59c-441e-4fc7-bcd6-e36d4bb77fc7","5818afa9-3322-45a6-bc5b-5d19e6ea1f25","Campanha Menu Verão Filipa","Campanha para divulgação para base dos clientes dos últimso circuitos gastronomicos de bauru no filipa","2026-01-21 17:27:26.685-03","Filipa "
"47cd3f13-7b05-4f4c-9273-9867364d32a5","0d860437-8f2f-4437-a866-811bd07ac367","Todos os clientes","","2026-01-22 15:03:50.356-03","Sai Burguer"
"d4ecee8e-aa02-4333-bbf9-55a4379b2edb","f28b08c9-2101-48a5-a27f-2585f2bf6823","Clientes até 5 pedidos – estimular fidelização","Ajudar novos clientes a criarem o hábito de compra","2026-01-29 14:04:59.493-03","Admin"
"eb2b8bf5-d468-4060-bbcc-d22918a493a3","5818afa9-3322-45a6-bc5b-5d19e6ea1f25","Clientes recentes – manter frequência","Aumentar a recorrência de clientes que compraram nos últimos 30 dias","2025-12-10 17:17:50.752-03","Admin"
"07778842-2f78-4bcd-8402-bbc6c283a8eb","17a0899a-73bd-4af5-8082-0eb551650f26","Nome do dia – convite especial","Convidar clientes com o nome selecionado para visitar em dias de baixa demanda","2026-01-14 19:46:07.608-03","Admin"
"e42a2581-e3a5-4134-8bc1-d1b23d2968b2","aefd1124-d1d3-40a6-9b06-7f74bfa58fba","Pós-primeira compra – agradecimento","Agradecer pela primeira compra, pedir feedback e incentivar a segunda","2026-01-14 19:48:43.524-03","Admin"
"f932836c-1f46-48ba-8863-b7637cc6ad46","aefd1124-d1d3-40a6-9b06-7f74bfa58fba","Clientes recentes – manter frequência","Aumentar a recorrência de clientes que compraram nos últimos 30 dias","2026-01-14 19:48:43.595-03","Admin"
"670e0008-3c10-4834-a154-0c0724ec59c2","5f30b411-fad3-437c-88b4-ca78c96a13e7","Ticket baixo – incentivar compras acima de R$ 50","Estimular aumento de ticket médio","2026-01-14 19:49:15.334-03","Admin"
"ff02153b-7db5-452e-ad45-5ec4066a6fa2","5f30b411-fad3-437c-88b4-ca78c96a13e7","Ticket baixo – incentivar compras acima de R$ 50","Estimular aumento de ticket médio","2026-01-14 19:49:15.393-03","Admin"
"1a9669b6-e276-45b5-bb5a-fd7005a5d422","39946e25-8ac3-43a4-8010-c883d2e0c637","Cadastro e boas-vindas com 10% na Primeira Compra","Enviar automaticamente um cupom de 10% para clientes que acabaram de se cadastrar","2026-01-14 19:49:40.659-03","Admin"
"33e09ea3-35ee-41f0-a843-b0e502765d57","39946e25-8ac3-43a4-8010-c883d2e0c637","Clientes com ticket acima de R$ 100,00 - valorização + incentivo","Oferecer vantagem exclusiva para clientes de ticket elevado","2026-01-14 19:49:40.699-03","Admin"
"f54a0dff-17e8-470f-be31-35054d56c17f","39946e25-8ac3-43a4-8010-c883d2e0c637","Aniversariante do mês","Convidar o cliente a comemorar no mês do aniversário com benefício especial","2026-01-14 19:49:40.697-03","Admin"
"84cb1c2d-67ee-41bc-b0c8-c9fdcab67ec7","d0b78249-59b8-4c16-b40c-b084b8aa371e","Pós-primeira compra – agradecimento","Agradecer pela primeira compra, pedir feedback e incentivar a segunda","2026-01-14 19:50:09.721-03","Admin"
"8bc078d1-302d-48a8-94bc-a218d3cca9ed","0c9b05f1-4f62-4513-a8e9-30964e1a5e4e","Campanha - Aniversariante","Data de aniversário","2026-01-19 15:38:18.93-03","Polpanorte - Lucas"
"694c7f6c-975f-437c-8f0e-80d12f4a945e","9df6847d-7296-4a38-92e9-0ef12fed73eb","Campanha - Aniversariante","Data de Aniversario","2026-01-19 16:35:43.726-03","Polpanorte - Lucas"
"8988d9ad-4ddd-444a-ad66-272c3a97a3b5","f28b08c9-2101-48a5-a27f-2585f2bf6823","Clientes ausentes +30 dias (reativação)","Reativar clientes que não compram há mais de 30 dias","2026-01-29 14:04:59.431-03","Admin"
"2a1cdc76-499f-4975-8a7d-f065879ca20e","f28b08c9-2101-48a5-a27f-2585f2bf6823","Nome do dia – convite especial","Convidar clientes com o nome selecionado para visitar em dias de baixa demanda","2026-01-29 14:04:59.504-03","Admin"
"ab820ad7-c5d7-441c-aa05-b5b0f3ab0524","5818afa9-3322-45a6-bc5b-5d19e6ea1f25","Ticket baixo – incentivar compras acima de R$ 50","Estimular aumento de ticket médio","2025-12-10 17:17:51.027-03","Admin"
"ac97e333-7609-488b-910f-52be993f6e07","13b738e0-614f-4fe2-9982-6d88867bfa5a","Cadastro e boas-vindas com 10% na Primeira Compra","Enviar automaticamente um cupom de 10% para clientes que acabaram de se cadastrar","2025-12-10 17:18:15.363-03","Admin"
"2420a87a-3cbc-4376-840a-6527a3ba93bf","13b738e0-614f-4fe2-9982-6d88867bfa5a","Ticket baixo – incentivar compras acima de R$ 50","Estimular aumento de ticket médio","2025-12-10 17:18:15.412-03","Admin"
"68bb8d21-62e0-4b9d-8a0e-501b41fd1e63","13b738e0-614f-4fe2-9982-6d88867bfa5a","Clientes até 5 pedidos – estimular fidelização","Ajudar novos clientes a criarem o hábito de compra","2025-12-10 17:18:15.417-03","Admin"
"3f033dc3-f7f4-4668-bf5e-2eae8a63bcd3","13b738e0-614f-4fe2-9982-6d88867bfa5a","Nome do dia – convite especial","Convidar clientes com o nome selecionado para visitar em dias de baixa demanda","2025-12-10 17:18:15.422-03","Admin"
"35e3ed89-171d-41e6-87be-d97bb29a83f1","13b738e0-614f-4fe2-9982-6d88867bfa5a","Clientes acima de 5 pedidos – valorizar clientes frequentes","Engajar e reconhecer clientes que já compraram mais de 5 vezes","2025-12-10 17:18:15.426-03","Admin"
"ed736685-9643-43ad-8247-d607760af2f9","13b738e0-614f-4fe2-9982-6d88867bfa5a","Clientes com ticket acima de R$ 100,00 - valorização + incentivo","Oferecer vantagem exclusiva para clientes de ticket elevado","2025-12-10 17:18:15.447-03","Admin"
"b9aa055e-d674-4cde-b15a-7950fdec47db","13b738e0-614f-4fe2-9982-6d88867bfa5a","Clientes ausentes +30 dias (reativação)","Reativar clientes que não compram há mais de 30 dias","2025-12-10 17:18:15.452-03","Admin"
"b18a4515-d2f0-4c58-b8a6-a3d091872b6a","13b738e0-614f-4fe2-9982-6d88867bfa5a","Aniversariante do dia","Parabenizar o cliente no dia do aniversário e oferecer benefício válido por 7 dias","2025-12-10 17:18:15.482-03","Admin"
"71aeccf9-ff22-4416-8a56-6c47c0e0c5b4","13b738e0-614f-4fe2-9982-6d88867bfa5a","Ticket baixo – incentivar compras acima de R$ 50","Estimular aumento de ticket médio","2025-12-10 17:18:15.535-03","Admin"
"029da751-667f-4e30-a2cd-6a75652ad7d4","13b738e0-614f-4fe2-9982-6d88867bfa5a","Pós-primeira compra – agradecimento","Agradecer pela primeira compra, pedir feedback e incentivar a segunda","2025-12-10 17:18:15.544-03","Admin"
"c22ba17d-8964-47d8-81f0-03965c57f7b0","13b738e0-614f-4fe2-9982-6d88867bfa5a","Pós-primeira compra – agradecimento","Agradecer pela primeira compra, pedir feedback e incentivar a segunda","2025-12-10 17:18:16.867-03","Admin"
"92e994b7-7c9d-4989-8d07-04ee630d3ed5","13b738e0-614f-4fe2-9982-6d88867bfa5a","Pós-segunda compra – estímulo à terceira","Incentivar o cliente a realizar a terceira compra e consolidar o início do hábito de recompra","2025-12-10 17:18:17.214-03","Admin"
"ee9ad393-5ec6-4d76-ad4a-80f6980156ed","13b738e0-614f-4fe2-9982-6d88867bfa5a","Clientes recentes – manter frequência","Aumentar a recorrência de clientes que compraram nos últimos 30 dias","2025-12-10 17:18:17.221-03","Admin"
"a20cbed4-36cc-486a-a301-2a760f9c9293","13b738e0-614f-4fe2-9982-6d88867bfa5a","Aniversariante do mês","Convidar o cliente a comemorar no mês do aniversário com benefício especial","2025-12-10 17:18:17.226-03","Admin"
"ea3999cf-00bd-4000-a231-f0c5564435e6","17a0899a-73bd-4af5-8082-0eb551650f26","Cadastro e boas-vindas com 10% na Primeira Compra","Enviar automaticamente um cupom de 10% para clientes que acabaram de se cadastrar","2026-01-14 19:46:07.611-03","Admin"
"5ae31245-c2ec-42ac-b264-050d30da7aee","17a0899a-73bd-4af5-8082-0eb551650f26","Pós-segunda compra – estímulo à terceira","Incentivar o cliente a realizar a terceira compra e consolidar o início do hábito de recompra","2026-01-14 19:46:07.678-03","Admin"
"d2d1f2f8-9d7c-4c28-bb75-0b78903d6741","aefd1124-d1d3-40a6-9b06-7f74bfa58fba","Aniversariante do mês","Convidar o cliente a comemorar no mês do aniversário com benefício especial","2026-01-14 19:48:43.527-03","Admin"
"495e77ac-27b1-4c9e-bdc8-ada0f180bb89","5f30b411-fad3-437c-88b4-ca78c96a13e7","Cadastro e boas-vindas com 10% na Primeira Compra","Enviar automaticamente um cupom de 10% para clientes que acabaram de se cadastrar","2026-01-14 19:49:15.339-03","Admin"
"3144bb44-dc57-4881-a8f7-ed69eaf69c7a","5f30b411-fad3-437c-88b4-ca78c96a13e7","Aniversariante do dia","Parabenizar o cliente no dia do aniversário e oferecer benefício válido por 7 dias","2026-01-14 19:49:15.393-03","Admin"
"3818ee62-2c17-43ee-935b-564dde6dbd5b","39946e25-8ac3-43a4-8010-c883d2e0c637","Aniversariante do dia","Parabenizar o cliente no dia do aniversário e oferecer benefício válido por 7 dias","2026-01-14 19:49:40.663-03","Admin"
"f4fd2b94-8e6b-439b-aaa7-63b40d764193","39946e25-8ac3-43a4-8010-c883d2e0c637","Pós-segunda compra – estímulo à terceira","Incentivar o cliente a realizar a terceira compra e consolidar o início do hábito de recompra","2026-01-14 19:49:40.709-03","Admin"
"fbe53cd0-b0cb-48a6-aad9-f3e93fa949f8","d0b78249-59b8-4c16-b40c-b084b8aa371e","Nome do dia – convite especial","Convidar clientes com o nome selecionado para visitar em dias de baixa demanda","2026-01-14 19:50:09.684-03","Admin"
"a215bc40-0c90-40e3-a5e8-5f0cac83300b","ad90c57d-5c1d-4c39-a749-9bd728f2c772","Campanha - Aniversariante","Data de aniversário","2026-01-19 15:41:20.125-03","Polpanorte - Lucas"
"6f9e2c5f-2c7f-4183-bf0b-c815e15c73c1","f28b08c9-2101-48a5-a27f-2585f2bf6823","Pós-segunda compra – estímulo à terceira","Incentivar o cliente a realizar a terceira compra e consolidar o início do hábito de recompra","2026-01-29 14:04:59.43-03","Admin"
"e3e29f12-5b31-4ebf-a9f5-df0db49fe0bd","f28b08c9-2101-48a5-a27f-2585f2bf6823","Pós-primeira compra – agradecimento","Agradecer pela primeira compra, pedir feedback e incentivar a segunda","2026-01-29 14:04:59.507-03","Admin"
"52cf39ee-8af2-4cdd-a2ac-1bad2ed532c8","125764b3-4916-4326-9c6b-d1f7b2ffdc57","Clientes 1ª compra (incentivando a 2ª)","Agradecer pela primeira compra, pedir feedback e incentivar a segunda","2025-12-10 17:18:31.993-03","Admin"
"8f56c86b-b1c0-4f30-b03a-f09b2a8305a6","125764b3-4916-4326-9c6b-d1f7b2ffdc57","Clientes que nunca pediram (oferecendo desconto)","Enviar automaticamente um cupom de 10% para clientes que acabaram de se cadastrar","2025-12-10 17:18:31.83-03","Admin"
"2df76b8f-1bbf-47e0-9ee1-40f1d95ae6bc","125764b3-4916-4326-9c6b-d1f7b2ffdc57","Clientes da 2ª à 4ª compra","Incentivar o cliente a realizar a terceira compra e consolidar o início do hábito de recompra","2025-12-10 17:18:33.42-03","Admin"
"5fcf256d-fd62-44c1-b251-87eb5fa83e74","125764b3-4916-4326-9c6b-d1f7b2ffdc57","Clientes com 5 ou mais compras","Aumentar a recorrência de clientes que compraram nos últimos 30 dias","2025-12-10 17:18:34.069-03","Admin"
"572785c6-47eb-4aeb-a11c-d50fd752fbcf","9698049a-9f42-42e5-afe4-6566c3bbea07","CannoloiCRM - Você conquista. O Cannoli faz voltar.","","2025-12-10 17:47:15.401-03","Admin"
"1cd01e2e-1ad1-442a-a23a-bfcf00355b19","9e69d92e-fff3-4500-b77a-c429cc312da5","Campanha de Natal e ano novo ","Campanha de natal e ano novo","2025-12-16 10:07:43.554-03","Bolos Miraculosos - Daniel"
"3f4d789c-004c-4d36-bd4a-fb0e9e714b95","8cc52834-d064-4c6a-8e08-8f33d4811872","Promoção R$95,90 - Ticket Médio acima de R$50,00","Promoção R$95,90 - Ticket Médio acima de R$50,00","2025-12-11 12:45:30.068-03","Mordidela - Operacional"
"7f558b54-8899-473f-b155-66884b91dd86","1d376c83-8d4c-4273-bb83-e0b7a7080041","Copo 500 por 19,99","Promoçao de novo preço","2025-12-15 16:58:48.967-03","Polpanorte - Lucas"
"bf781a5c-5369-4db2-b8fc-36d2ebee80fd","dfdeb26d-2695-40fc-a518-57bf4aa4e81c","Campanha - Aniversariante","Data de Aniversario","2026-01-19 15:45:16.526-03","Polpanorte - Lucas"
"cae32608-1ec4-4f6f-95da-28823cdfc801","8cc52834-d064-4c6a-8e08-8f33d4811872","HORARIO DE FUNCIONAMENTO","ESPECIAL DE ANO NOVO","2025-12-11 15:24:39.447-03","Raquel Viana"
"8c15a9bd-f0c0-4968-81d7-0d4d14b33d3d","f28b08c9-2101-48a5-a27f-2585f2bf6823","Clientes recentes – manter frequência","Aumentar a recorrência de clientes que compraram nos últimos 30 dias","2026-01-29 14:04:59.435-03","Admin"
"9b1fb777-dafd-4b09-acfc-496daf30db50","f28b08c9-2101-48a5-a27f-2585f2bf6823","Aniversariante do dia","Parabenizar o cliente no dia do aniversário e oferecer benefício válido por 7 dias","2026-01-29 14:04:59.508-03","Admin"
"c51da6e3-85d4-47e8-8a8a-81009d9d35b7","8b04a4d8-a0e4-4f9c-9272-5250326a10af","Sobremesa da penha - 02","","2025-12-15 15:54:54.168-03","Maiara de Carvalho Silva"
"b3cc0f87-866c-4a93-b1b1-8fc677706c94","8b04a4d8-a0e4-4f9c-9272-5250326a10af","café da padaria penha - 03","","2025-12-15 15:50:24.489-03","Maiara de Carvalho Silva"
"5564691b-f3b4-48dc-bbd1-0a9f84a415e7","17a0899a-73bd-4af5-8082-0eb551650f26","Clientes ausentes +30 dias (reativação)","Reativar clientes que não compram há mais de 30 dias","2026-01-14 19:46:07.613-03","Admin"
"8d59f941-17a8-49af-b16e-8d49c4b27b43","17a0899a-73bd-4af5-8082-0eb551650f26","Clientes com ticket acima de R$ 100,00 - valorização + incentivo","Oferecer vantagem exclusiva para clientes de ticket elevado","2026-01-14 19:46:07.679-03","Admin"
"5789c6bb-c255-456a-833c-f1da9217a4ea","aefd1124-d1d3-40a6-9b06-7f74bfa58fba","Pós-segunda compra – estímulo à terceira","Incentivar o cliente a realizar a terceira compra e consolidar o início do hábito de recompra","2026-01-14 19:48:43.532-03","Admin"
"ca572603-d03d-4cc7-9aa8-e331a55518cb","aefd1124-d1d3-40a6-9b06-7f74bfa58fba","Pós-primeira compra – agradecimento","Agradecer pela primeira compra, pedir feedback e incentivar a segunda","2026-01-14 19:48:43.614-03","Admin"
"62c637a8-d580-48db-8d28-dd14893060da","5f30b411-fad3-437c-88b4-ca78c96a13e7","Clientes ausentes +30 dias (reativação)","Reativar clientes que não compram há mais de 30 dias","2026-01-14 19:49:15.34-03","Admin"
"5493e867-8ede-47b0-aad2-11a82b469328","5f30b411-fad3-437c-88b4-ca78c96a13e7","Nome do dia – convite especial","Convidar clientes com o nome selecionado para visitar em dias de baixa demanda","2026-01-14 19:49:15.347-03","Admin"
"919d946d-93ad-4bd2-99e1-aa5590f7a21e","5f30b411-fad3-437c-88b4-ca78c96a13e7","Clientes recentes – manter frequência","Aumentar a recorrência de clientes que compraram nos últimos 30 dias","2026-01-14 19:49:15.4-03","Admin"
"4d64f7b4-594d-4c55-af08-5ffc439e8eb3","39946e25-8ac3-43a4-8010-c883d2e0c637","Nome do dia – convite especial","Convidar clientes com o nome selecionado para visitar em dias de baixa demanda","2026-01-14 19:49:40.676-03","Admin"
"86aa0ba9-cdc5-4ee6-a99c-9812b3a6aea8","39946e25-8ac3-43a4-8010-c883d2e0c637","Clientes ausentes +30 dias (reativação)","Reativar clientes que não compram há mais de 30 dias","2026-01-14 19:49:40.73-03","Admin"
"e0c29a7d-1ec5-4cbc-87af-812260efc81d","d0b78249-59b8-4c16-b40c-b084b8aa371e","Clientes até 5 pedidos – estimular fidelização","Ajudar novos clientes a criarem o hábito de compra","2026-01-14 19:50:09.682-03","Admin"
"4b1e4eae-28fa-4640-ab0c-1b5b10cb1f75","d0b78249-59b8-4c16-b40c-b084b8aa371e","Ticket baixo – incentivar compras acima de R$ 50","Estimular aumento de ticket médio","2026-01-14 19:50:09.685-03","Admin"
"b127738d-7f1b-46ec-90db-33820a3b43d4","d0b78249-59b8-4c16-b40c-b084b8aa371e","Aniversariante do dia","Parabenizar o cliente no dia do aniversário e oferecer benefício válido por 7 dias","2026-01-14 19:50:09.733-03","Admin"
"856bfc8e-394c-473e-bc2d-7c3d546abab4","d0b78249-59b8-4c16-b40c-b084b8aa371e","Pós-segunda compra – estímulo à terceira","Incentivar o cliente a realizar a terceira compra e consolidar o início do hábito de recompra","2026-01-14 19:50:09.743-03","Admin"
"cba21d5f-db37-406f-99ae-41b38b3134be","5818afa9-3322-45a6-bc5b-5d19e6ea1f25","Novo Canal Oficial Filipa","","2025-12-16 13:58:07.354-03","Filipa "
"e175597d-9190-49da-9715-3ed426a6ae0e","9e69d92e-fff3-4500-b77a-c429cc312da5","7 dias sem comprar","7 dias sem comprar","2025-12-17 04:06:20.182-03","Bolos Miraculosos - Daniel"
"776f08da-f7cc-4104-9271-8e20bbfb43fc","17a0899a-73bd-4af5-8082-0eb551650f26","Ticket baixo – incentivar compras acima de R$ 50","Estimular aumento de ticket médio","2026-01-14 19:46:07.617-03","Admin"
"2ef9f543-0556-46b4-84fb-cd4b0e140565","aefd1124-d1d3-40a6-9b06-7f74bfa58fba","Nome do dia – convite especial","Convidar clientes com o nome selecionado para visitar em dias de baixa demanda","2026-01-14 19:48:43.535-03","Admin"
"087db014-91f2-41c7-b7f8-050941a8650c","5f30b411-fad3-437c-88b4-ca78c96a13e7","Clientes até 5 pedidos – estimular fidelização","Ajudar novos clientes a criarem o hábito de compra","2026-01-14 19:49:15.35-03","Admin"
"9aa7c699-b0a7-40f9-a732-b520ae897f08","39946e25-8ac3-43a4-8010-c883d2e0c637","Ticket baixo – incentivar compras acima de R$ 50","Estimular aumento de ticket médio","2026-01-14 19:49:40.677-03","Admin"
"6dd0a6e1-8a0b-400f-a8da-be409414f9c7","39946e25-8ac3-43a4-8010-c883d2e0c637","Pós-primeira compra – agradecimento","Agradecer pela primeira compra, pedir feedback e incentivar a segunda","2026-01-14 19:49:40.72-03","Admin"
"f1113400-27f0-4e6a-aa1f-e2221f8f11b3","d0b78249-59b8-4c16-b40c-b084b8aa371e","Clientes acima de 5 pedidos – valorizar clientes frequentes","Engajar e reconhecer clientes que já compraram mais de 5 vezes","2026-01-14 19:50:09.686-03","Admin"
"25c78afd-9a9c-4b6c-9fe7-80821db92b19","d0b78249-59b8-4c16-b40c-b084b8aa371e","Clientes com ticket acima de R$ 100,00 - valorização + incentivo","Oferecer vantagem exclusiva para clientes de ticket elevado","2026-01-14 19:50:09.742-03","Admin"
"8538992e-e8b1-4cc5-babb-2353c0f4c00b","86256660-0078-49c2-88d6-e0bf52be1a5b","Campanha - Aniversariantes","Data de aniversário","2026-01-19 15:53:29.682-03","Polpanorte - Lucas"
"5ffc0efb-c7f1-4c7c-87de-13ea4233158a","f28b08c9-2101-48a5-a27f-2585f2bf6823","Ticket baixo – incentivar compras acima de R$ 50","Estimular aumento de ticket médio","2026-01-29 14:04:59.453-03","Admin"
